zipcode,MedianFamilyIncome,no_college,category_hotdogs_frac,lapophalfshare,Fresh_FV,soda,bmi,ow,fastfood,white_frac,black_frac,hispanic_frac,category_waterproofing,category_countertopinstall,category_electronics,age,male_frac,fast_food,Treatment
2119,38162.59,0.764572078,0.012965964,0.152097229,0.661970306,0.020822641,29.30817123,0.712328767,0.396996162,0.10468453,0.541124734,0.280736407,0.002126152,0.001417434,0.000708717,34.69863014,0.219178082,0.396996162,False
2124,58112.62,0.757300103,0.014516129,0.329191158,0.604987081,0.015971272,30.66180809,0.794117647,0.366694665,0.162892085,0.581455479,0.158154984,0.001965924,0.001965924,0.000655308,36.16911765,0.301470588,0.366694665,False
6002,89516.53,0.648554554,0.021256932,0.799656534,0.572474171,0.012612077,29.72656333,0.75,0.354478043,0.323439841,0.57098661,0.052303379,0.001265823,0.001898734,0.001265823,39.76666667,0.216666667,0.354478043,True
7203,63619.58,0.815386718,0.0316403,0.368692004,0.582117613,0.021970167,32.07653125,0.90625,0.461849482,0.142279258,0.53005998,0.276840099,0.004435995,0.005703422,0.001267427,40.15625,0.28125,0.461849482,False
7205,61108.02,0.787816704,0.037333333,0.229576375,0.716246368,0.012875628,32.74581765,0.941176471,0.417704405,0.207798165,0.535045872,0.173899083,0.003826531,0.005739796,0.001913265,38.38235294,0.294117647,0.417704405,False
8046,77773.42,0.764443813,0.030068729,0.711239477,0.563128264,0.021805771,31.9903746,0.793650794,0.396875565,0.155810699,0.67215826,0.106863431,0.001849568,0.003699137,0.002466091,41.95238095,0.238095238,0.396875565,False
8618,65810.66,0.802514383,0.02513465,0.642544558,0.758630488,0.015550501,29.78400577,0.730769231,0.369666067,0.249888883,0.606252161,0.099955553,0.001743173,0.001743173,0.002905288,38.55769231,0.192307692,0.369666067,False
10026,51091.4,0.576019823,0.018103448,0.0,0.859236751,0.014975216,26.44104621,0.544827586,0.24054428,0.194187857,0.515957447,0.208536585,0.0,0.002795248,0.00349406,36.04827586,0.2,0.24054428,False
10030,43080.47,0.721192085,0.017921147,0.0,0.664830523,0.017521059,28.13586056,0.732394366,0.301209728,0.088675143,0.581922393,0.271625272,0.00070028,0.00210084,0.00280112,35.54929577,0.267605634,0.301209728,False
10037,41588.12,0.627971728,0.013611615,0.0,0.716031397,0.017699648,27.89299149,0.638297872,0.244823291,0.057627287,0.65368934,0.234188544,0.0,0.00209937,0.00349895,35.61702128,0.234042553,0.244823291,False
10039,36893.93,0.72,0.024953789,0.0,0.807559036,0.02953262,27.57422955,0.613636364,0.188200222,0.061264606,0.59262495,0.306796258,0.001387925,0.000693963,0.001387925,36.45454545,0.227272727,0.188200222,False
10466,52672.88,0.781747906,0.034188034,0.037541291,0.549375158,0.033595577,33.9811925,0.825,0.363614292,0.030232396,0.699769698,0.221159886,0.000647249,0.005177994,0.001941748,35.225,0.325,0.363614292,False
10469,57798.81,0.749799205,0.039697543,0.002713185,0.703684013,0.0254639,31.6435463,0.833333333,0.298051309,0.11685086,0.528228957,0.276373074,0.001304631,0.005218526,0.002609263,38.01851852,0.222222222,0.298051309,False
10475,59105.8,0.747498456,0.030658251,0.003454048,0.725095698,0.033533363,30.84208864,0.840909091,0.308214701,0.083286777,0.577398378,0.29589488,0.000653168,0.005878511,0.001959504,40.13636364,0.340909091,0.308214701,False
11203,54989.99,0.782232779,0.039035591,0.0,0.477856226,0.016155163,31.41358103,0.896551724,0.314757774,0.039067439,0.864554795,0.063843519,0.008911521,0.000636537,0.0,33.31034483,0.206896552,0.314757774,False
11207,38149.33,0.858903403,0.034078807,0.004172738,0.617711763,0.021744927,30.13121757,0.77027027,0.28964263,0.030820045,0.60765032,0.328672079,0.00260078,0.001950585,0.00130039,36.89189189,0.256756757,0.28964263,False
11210,65087.49,0.653265633,0.008431703,0.0,0.655723396,0.018753968,29.363432,0.8,0.351843621,0.278702418,0.584671586,0.074143348,0.011406844,0.000633714,0.001901141,36.28,0.36,0.351843621,False
11212,38891.2,0.867865038,0.012333966,0.004587233,0.558365139,0.018678167,32.38344118,0.882352941,0.291686503,0.013970325,0.790745816,0.169586788,0.004510309,0.00064433,0.00128866,36.90196078,0.235294118,0.291686503,False
11213,42926.44,0.75008356,0.029213483,0.0,0.823617938,0.013317102,29.93991279,0.779069767,0.278977807,0.195754501,0.638185041,0.118913715,0.00597213,0.00066357,0.00066357,34.6744186,0.197674419,0.278977807,False
11216,52017.38,0.572587501,0.018054162,0.0,0.748445812,0.011383757,26.7686096,0.564971751,0.233315489,0.216765802,0.604934069,0.098161817,0.002066116,0.000688705,0.000688705,34.28248588,0.237288136,0.233315489,False
11225,51954.47,0.665471725,0.023784902,0.0,0.759519954,0.016283056,27.38170625,0.604166667,0.250987443,0.201382557,0.648011538,0.098022313,0.01,0.0,0.000666667,34.82638889,0.270833333,0.250987443,False
11226,49758.65,0.741150703,0.031309298,0.0,0.657600732,0.00876216,28.79164202,0.663865546,0.21212584,0.095375637,0.670026624,0.172802028,0.012919897,0.000645995,0.000645995,35.13445378,0.31092437,0.21212584,False
11233,42849.86,0.780931206,0.032822757,0.0,0.648826307,0.01381461,29.82704557,0.759493671,0.270976823,0.051829987,0.761554345,0.15589185,0.004527814,0.000646831,0.001293661,34.32911392,0.240506329,0.270976823,False
11236,67518.41,0.737713962,0.039170507,0.179683434,0.520692556,0.014450672,30.79767647,0.858823529,0.345329566,0.041649592,0.853841618,0.060110546,0.004385965,0.000626566,0.001253133,36.82352941,0.211764706,0.345329566,False
11412,76753.66,0.770353182,0.039145907,0.095262978,0.500680238,0.107994494,32.26861613,0.870967742,0.40538141,0.008491614,0.857467859,0.066319242,0.002650762,0.000662691,0.001988072,38.90322581,0.064516129,0.40538141,False
11413,84411.98,0.735022406,0.026292726,0.217223894,0.59027827,0.031034824,31.37662059,0.882352941,0.327374299,0.010773086,0.887678868,0.059275393,0.00128123,0.00128123,0.00256246,37.61764706,0.264705882,0.327374299,False
11434,69345.17,0.777072223,0.037140204,0.016811092,0.49524956,0.015323592,31.83608444,0.866666667,0.405134651,0.013609137,0.851068966,0.08886676,0.002657807,0.001328904,0.002657807,38.2,0.177777778,0.405134651,False
12206,48126.56,0.806056002,0.026909722,0.632399937,0.72987008,0.014143879,30.5172881,0.785714286,0.322612413,0.260983901,0.50291835,0.133089603,0.001819284,0.001212856,0.003032141,34.57142857,0.238095238,0.322612413,False
14215,41970.26,0.837587007,0.041747573,0.684816664,0.656249587,0.018976134,29.91029531,0.796875,0.309174053,0.129226012,0.800978255,0.028790106,0.003588517,0.001196172,0.002990431,35.765625,0.25,0.309174053,False
14608,20323.78,0.805313297,0.036344756,0.414260942,0.698681105,0.017890075,31.15323846,0.717948718,0.346837044,0.179611259,0.622872812,0.08379708,0.002325581,0.003488372,0.004651163,34.84615385,0.102564103,0.346837044,False
14611,35876.79,0.910115783,0.03626943,0.520980442,0.569671526,0.025925789,29.42205333,0.766666667,0.273385825,0.213659186,0.621619987,0.125158793,0.002320186,0.003480278,0.004640371,40.03333333,0.1,0.273385825,False
14619,37909.07,0.825140218,0.035196687,0.746883338,0.712828466,0.014387486,31.70698,0.933333333,0.246575171,0.176235883,0.70318523,0.087238791,0.001744186,0.003488372,0.004651163,36.13333333,0.366666667,0.246575171,False
15208,65033.79,0.566642806,0.015625,0.568387138,0.805430629,0.012168789,26.46019778,0.466666667,0.300176665,0.319778727,0.612092391,0.00611413,0.00128783,0.0,0.001931745,34.35555556,0.155555556,0.300176665,False
15219,59434.96,0.81858864,0.011959522,0.574144356,0.705272425,0.01579785,27.11948209,0.507462687,0.30264582,0.383885072,0.506433479,0.031355403,0.001934236,0.0,0.001934236,30.14925373,0.194029851,0.30264582,False
19013,43682.12,0.896858245,0.028142589,0.523578022,0.434875938,0.027900658,32.261055,0.8,0.43701372,0.149620731,0.701266108,0.114795703,0.001229256,0.001229256,0.001229256,35.725,0.1,0.43701372,False
19023,48322.57,0.844263498,0.025179856,0.135993115,0.528898786,0.030858166,31.904485,0.875,0.367162279,0.28593764,0.643035826,0.043330653,0.001243781,0.001865672,0.000621891,38.2,0.2,0.367162279,False
19050,62241.23,0.703666789,0.019434629,0.222073201,0.5493632,0.014244207,31.2398527,0.797297297,0.311542852,0.237158865,0.66640159,0.029242725,0.003119152,0.001871491,0.0,37.62162162,0.243243243,0.311542852,False
19119,71362.43,0.53340563,0.012647555,0.292462612,0.772521358,0.01526366,29.10823879,0.715517241,0.25188668,0.300926411,0.601817864,0.029295578,0.003166561,0.001266624,0.002533249,40.68965517,0.172413793,0.25188668,False
19121,29876.98,0.877605527,0.020990764,0.197985921,0.584968964,0.023598486,28.53679589,0.712328767,0.302695866,0.133747818,0.770175492,0.045389115,0.004123711,0.000687285,0.002749141,30.12328767,0.205479452,0.302695866,False
19131,45393.36,0.781248912,0.01097973,0.339281517,0.597224046,0.018019415,28.67395854,0.658536585,0.350638058,0.126037754,0.781754671,0.031341962,0.00065445,0.001308901,0.00065445,34.00813008,0.162601626,0.350638058,False
19138,41580.23,0.857084672,0.012366035,0.511049933,0.482390368,0.043999256,32.97243333,0.878787879,0.463259211,0.031323947,0.914635589,0.02387009,0.001893939,0.000631313,0.001893939,38.93939394,0.181818182,0.463259211,False
19139,35033.24,0.855758999,0.012037833,0.041532446,0.772668624,0.020731335,31.01663103,0.689655172,0.337410278,0.052185108,0.878089151,0.029311019,0.0,0.001342282,0.000671141,33.5,0.189655172,0.337410278,False
19140,27084.26,0.929841992,0.016020236,0.25581747,0.633105304,0.016032817,32.6172975,0.8,0.350913268,0.028279747,0.533931784,0.417214269,0.004950495,0.001237624,0.001237624,35.725,0.15,0.350913268,False
19141,39380.24,0.846564152,0.011744966,0.348123885,0.525658236,0.017124404,31.94520976,0.926829268,0.327186295,0.051492015,0.843921203,0.041321832,0.005031447,0.001257862,0.001257862,34.36585366,0.243902439,0.327186295,False
19143,41548.57,0.789589242,0.008467401,0.084646482,0.645752039,0.02340761,29.72240071,0.707142857,0.322788742,0.11813974,0.805456721,0.024591454,0.000667557,0.00200267,0.000667557,35.32857143,0.2,0.322788742,False
19144,46878.19,0.738530799,0.017179024,0.326190621,0.654111653,0.036540238,30.958755,0.78,0.33369925,0.168049639,0.748898136,0.029202472,0.004402516,0.000628931,0.001886792,38.47,0.2,0.33369925,False
19150,68814.2,0.746338101,0.013114754,0.337418172,0.558347473,0.04029177,32.47694464,0.910714286,0.396323358,0.016942895,0.947202166,0.011076469,0.003826531,0.000637755,0.00127551,39.42857143,0.178571429,0.396323358,False
19151,45390.47,0.766530055,0.01179444,0.247826475,0.555052944,0.026511358,30.94563968,0.841269841,0.368450624,0.077171353,0.859265506,0.037248117,0.003209243,0.000641849,0.002567394,39.0952381,0.222222222,0.368450624,False
19801,41214.91,0.825370188,0.017641597,0.546940531,0.608569448,0.019769871,30.64199077,0.769230769,0.319550989,0.152379717,0.74841136,0.064907275,0.000600601,0.000600601,0.004204204,37.04615385,0.292307692,0.319550989,False
19802,56008.85,0.781171643,0.013574661,0.600281237,0.612851472,0.020200874,31.17999268,0.804878049,0.366314372,0.178455176,0.741661242,0.044269138,0.000597015,0.000597015,0.004179104,37.35365854,0.182926829,0.366314372,False
20011,73393.26,0.605936101,0.009917355,0.406100346,0.732610732,0.01595106,27.6412012,0.62248996,0.280733576,0.129534217,0.582176424,0.246106104,0.000713267,0.0,0.000713267,36.23694779,0.232931727,0.280733576,False
20012,87028.64,0.423710209,0.008071025,0.169330514,0.686310688,0.014018605,29.4935,0.68115942,0.227387483,0.218233382,0.601300408,0.129556616,0.00134499,0.00134499,0.000672495,40.46376812,0.246376812,0.227387483,False
20017,68521.73,0.517896325,0.021626298,0.45481519,0.820884206,0.029871095,28.92414455,0.712871287,0.320734173,0.206715429,0.644200088,0.094153453,0.001401542,0.000700771,0.000700771,36.35643564,0.237623762,0.320734173,False
20018,78248.23,0.642240178,0.021422451,0.372112307,0.588337624,0.015831043,29.91381538,0.711538462,0.341906819,0.116387566,0.806217159,0.048322939,0.000687285,0.000687285,0.000687285,37.90384615,0.230769231,0.341906819,False
20019,44836.38,0.862017558,0.022090059,0.613443414,0.486340127,0.03291088,31.21449577,0.845070423,0.378934287,0.007263379,0.947862393,0.033297678,0.002068966,0.0,0.000689655,37.52112676,0.225352113,0.378934287,False
20020,42378.02,0.830148496,0.02559727,0.519757692,0.578845695,0.026557125,32.83706753,0.909090909,0.403002789,0.023182604,0.927631699,0.028295878,0.002130682,0.0,0.001420455,39.20779221,0.220779221,0.403002789,False
20032,38183.4,0.835284175,0.019480519,0.418411034,0.498631029,0.036660044,29.91966462,0.769230769,0.426259164,0.077755142,0.870294917,0.027478657,0.0,0.000704225,0.000704225,34.33846154,0.338461538,0.426259164,False
20602,79886.03,0.76635678,0.012688343,0.611962089,0.502109074,0.053184881,31.07052906,0.837606838,0.532541516,0.288788694,0.544500436,0.069298678,0.001160093,0.002900232,0.002900232,36.77777778,0.316239316,0.532541516,False
20603,101864.01,0.621436195,0.01236476,0.790403056,0.490490297,0.044240353,30.70670203,0.77027027,0.488855937,0.276386404,0.56848965,0.054401993,0.000587199,0.002348796,0.002935995,39.91891892,0.236486486,0.488855937,False
20607,122483.69,0.526846101,0.033388982,0.905987833,0.465293732,0.024517651,31.18303269,0.846153846,0.41068235,0.179516908,0.682415459,0.010724638,0.00059988,0.00239952,0.00239952,40.01923077,0.134615385,0.41068235,True
20613,123756.14,0.722932481,0.015676568,0.986702133,0.596386638,0.034296148,31.2963098,0.862745098,0.486738472,0.290582708,0.567912489,0.074749316,0.001168907,0.002337814,0.002337814,41.19607843,0.31372549,0.486738472,True
20695,111287.57,0.686802778,0.013964313,0.914404562,0.604327492,0.041115821,29.97317407,0.814814815,0.433451992,0.396000584,0.504743833,0.051963217,0.001179245,0.002948113,0.002948113,40.12962963,0.259259259,0.433451992,True
20706,82923.44,0.717035687,0.046040516,0.623082141,0.582784119,0.014996498,30.8113,0.819444444,0.392573006,0.072088962,0.66865273,0.201165956,0.001243781,0.005597015,0.001865672,39.81944444,0.222222222,0.392573006,False
20708,93518.55,0.612080307,0.037600716,0.672159236,0.542367505,0.059833354,30.798352,0.786666667,0.399480666,0.163898917,0.61900057,0.121071632,0.003084516,0.005552128,0.002467613,38.64,0.32,0.399480666,False
20716,114647.78,0.547179827,0.027272727,0.676020745,0.619158784,0.01593476,30.80075138,0.816513761,0.392783533,0.223546407,0.627076562,0.058640303,0.00119403,0.004179104,0.00238806,41.20183486,0.211009174,0.392783533,False
20720,118833.72,0.436347044,0.053654024,0.78151566,0.536739554,0.026071399,30.15779029,0.844660194,0.357532747,0.170752362,0.668657515,0.038152968,0.001845018,0.004305043,0.003075031,41.39805825,0.262135922,0.357532747,False
20721,123454.74,0.504298859,0.012759171,0.857649618,0.680185767,0.010810441,31.15541835,0.871559633,0.45613895,0.07401128,0.856544756,0.029687554,0.001823708,0.003647416,0.003647416,43.79816514,0.183486239,0.45613895,True
20735,106746.03,0.710133014,0.039130435,0.899255181,0.555811467,0.039091574,32.85097475,0.909090909,0.524947381,0.071521187,0.839427416,0.054094705,0.0,0.001870324,0.001870324,40.90909091,0.323232323,0.524947381,True
20743,67328.49,0.832850057,0.062910798,0.648130103,0.536008722,0.027706365,32.92986852,0.851851852,0.520987218,0.024521837,0.885394293,0.067224097,0.001889169,0.001259446,0.001259446,39.05555556,0.222222222,0.520987218,False
20744,100223.72,0.658297028,0.015772871,0.836955071,0.505545232,0.025263035,32.21128952,0.870967742,0.46095991,0.083500853,0.716442253,0.105992793,0.0,0.001882058,0.001254705,39.57258065,0.233870968,0.46095991,True
20745,66925.78,0.826097892,0.024146545,0.60726308,0.63490374,0.019928053,31.98469348,0.804347826,0.415096869,0.047370561,0.724722147,0.164882082,0.0,0.001338688,0.0,40.34782609,0.152173913,0.415096869,False
20746,72825.35,0.795320004,0.018821604,0.694397961,0.501148144,0.027878168,32.88602456,0.929824561,0.472620964,0.054534807,0.840494839,0.072725276,0.001268231,0.001902346,0.001268231,39.15789474,0.228070175,0.472620964,False
20747,71462.27,0.825341654,0.027515047,0.577346689,0.504225258,0.024360568,35.13043521,0.929577465,0.511120425,0.024687434,0.890151515,0.055122907,0.001278772,0.001918159,0.001918159,39.57746479,0.225352113,0.511120425,False
20748,80978.42,0.783719548,0.014481094,0.70364951,0.523087234,0.023776774,33.19570147,0.926470588,0.468117594,0.046857464,0.859657178,0.062468115,0.00128783,0.00128783,0.000643915,40.10294118,0.132352941,0.468117594,False
20770,77832.24,0.572667604,0.058325494,0.595925866,0.612454189,0.024454252,30.29378205,0.756410256,0.408478651,0.214559387,0.520027865,0.145555169,0.001875,0.005,0.001875,39.52564103,0.217948718,0.408478651,False
20772,115870.78,0.630618069,0.035746202,0.95927071,0.637912572,0.011021715,31.01978486,0.875675676,0.452229696,0.117889295,0.788754299,0.042560182,0.000623441,0.002493766,0.002493766,41.23243243,0.167567568,0.452229696,True
20774,117546.31,0.586112767,0.014342629,0.846403936,0.51600912,0.018720638,31.40003137,0.85620915,0.391902326,0.035874439,0.895479458,0.01974906,0.001824818,0.003041363,0.003041363,40.8496732,0.235294118,0.391902326,True
20784,66768.58,0.811254575,0.044585987,0.411626615,0.55094318,0.016708341,32.68212703,0.783783784,0.375753727,0.074013104,0.570078688,0.297402298,0.001898734,0.003797468,0.001265823,36.51351351,0.216216216,0.375753727,False
20785,67443.6,0.745108718,0.072312084,0.562799307,0.553825126,0.024642497,30.7655587,0.793478261,0.375456779,0.060467877,0.795202504,0.115674159,0.001882058,0.00250941,0.001882058,37.34782609,0.217391304,0.375456779,False
21133,87585.68,0.660939645,0.037545788,0.686332668,0.38183431,0.033532905,32.54094561,0.824561404,0.508849464,0.113666916,0.821986557,0.026049291,0.002375297,0.001781473,0.001781473,39.1754386,0.210526316,0.508849464,False
21201,64753.29,0.492622401,0.035217794,0.142241701,0.67526105,0.019681348,26.65832649,0.578378378,0.314987262,0.354875903,0.508586686,0.032768979,0.001324503,0.001986755,0.001324503,32.31891892,0.291891892,0.314987262,False
21202,51312.58,0.662781955,0.033976125,0.131211535,0.665348883,0.023619443,27.32896774,0.620967742,0.318194357,0.292398975,0.59639502,0.047512024,0.001325381,0.001325381,0.001325381,33.83870968,0.282258065,0.318194357,False
21206,63206.67,0.795726724,0.020313943,0.508562406,0.537399654,0.018237886,30.90124375,0.78125,0.448445205,0.221146313,0.698173855,0.02458967,0.004889976,0.001222494,0.001222494,36.19791667,0.166666667,0.448445205,False
21207,61225.99,0.758033698,0.025663717,0.683314776,0.518805365,0.023869375,31.70364466,0.86407767,0.472837026,0.089444097,0.839954195,0.026067041,0.001251564,0.001251564,0.001251564,37.7184466,0.223300971,0.472837026,False
21213,38828.38,0.856613918,0.034450652,0.170741498,0.4474425,0.027115169,33.49900833,0.944444444,0.366811748,0.066267034,0.892917977,0.013200996,0.00198544,0.000661813,0.001323627,39.36111111,0.277777778,0.366811748,False
21214,72133.33,0.659248302,0.029574861,0.24091755,0.720039168,0.019389015,30.23788235,0.75,0.331325816,0.393775306,0.525440265,0.027415972,0.003773585,0.001257862,0.002515723,39.48529412,0.220588235,0.331325816,False
21215,48542.17,0.807124387,0.022665458,0.330863095,0.61669588,0.038045249,33.70905208,0.875,0.405454963,0.158327734,0.801111129,0.021157344,0.001302083,0.001302083,0.000651042,36.98340298,0.208333333,0.405454963,False
21217,49949.76,0.800938258,0.036245353,0.176269038,0.651148212,0.021791533,27.93773333,0.606060606,0.377983071,0.089154317,0.852808581,0.019976163,0.001341382,0.002012072,0.001341382,36.09090909,0.166666667,0.377983071,False
21218,66820.4,0.659301452,0.033210332,0.401160189,0.68902463,0.028918412,28.062932,0.611428571,0.289749442,0.259889835,0.611396261,0.036262727,0.000676133,0.000676133,0.001352265,34.28571429,0.262857143,0.289749442,False
21229,57373.1,0.831743224,0.023131673,0.588254901,0.574242557,0.041412123,30.38090755,0.820754717,0.476310963,0.161643261,0.755187592,0.022678684,0.003217503,0.003861004,0.000643501,38.04716981,0.198113208,0.476310963,False
21239,61960.0,0.740588087,0.030247479,0.351090187,0.655047265,0.020428109,30.48150263,0.815789474,0.380341878,0.126890677,0.805937431,0.023016942,0.002569043,0.000642261,0.003211304,37.90789474,0.157894737,0.380341878,False
21244,76811.25,0.6541082,0.027953111,0.697327065,0.548178106,0.018131824,31.95108471,0.858823529,0.433646539,0.097567568,0.731702703,0.059054054,0.002436054,0.001218027,0.00182704,36.70588235,0.211764706,0.433646539,False
23222,49795.28,0.819889823,0.029929577,0.775103432,0.737117182,0.022088794,30.28946949,0.677966102,0.330401861,0.125471402,0.830098994,0.010174419,0.0,0.001981506,0.004623514,37.98305085,0.288135593,0.330401861,False
23223,45092.98,0.754657823,0.030115146,0.49892352,0.676128033,0.031769441,28.87165867,0.663265306,0.373101425,0.16972866,0.770794638,0.019078575,0.0,0.00128866,0.003221649,34.07653061,0.229591837,0.373101425,False
23224,42925.04,0.877620445,0.028045574,0.78157394,0.559297283,0.025829623,31.79221471,0.882352941,0.471145586,0.114956835,0.673481277,0.15359356,0.001937984,0.000645995,0.001937984,34.69117647,0.235294118,0.471145586,False
23231,58162.88,0.777721022,0.034358047,0.787824407,0.516764211,0.017491906,31.34879528,0.818897638,0.452626097,0.339314322,0.600528677,0.030679269,0.00192431,0.001282874,0.00192431,38.71653543,0.204724409,0.452626097,False
23234,51754.74,0.824759969,0.028021016,0.763781394,0.549567447,0.021162636,31.54702222,0.805555556,0.510439073,0.230161836,0.503004213,0.206588549,0.002547771,0.001273885,0.001273885,38.29166667,0.25,0.510439073,False
23324,46572.65,0.861713891,0.022,0.718775285,0.46280623,0.052336986,33.71496842,0.877192982,0.517111977,0.306448207,0.589333221,0.062032853,0.001215805,0.001215805,0.001215805,38.21052632,0.263157895,0.517111977,False
23502,53769.7,0.778153697,0.021853147,0.734649424,0.542350398,0.021724217,30.46620779,0.766233766,0.441917722,0.33369295,0.523664337,0.071110277,0.003037667,0.0018226,0.000607533,36.25974026,0.207792208,0.441917722,False
23504,46956.19,0.829435163,0.023498695,0.757414368,0.440396656,0.02137399,31.87862703,0.891891892,0.531986549,0.094314119,0.837839016,0.024112671,0.002458513,0.001843884,0.001229256,34.24324324,0.243243243,0.531986549,False
23509,57968.62,0.740346643,0.021720243,0.586745015,0.644537971,0.016192107,29.15162558,0.720930233,0.365268709,0.410825399,0.501162006,0.035534898,0.002487562,0.001865672,0.000621891,36.86046512,0.23255814,0.365268709,False
23513,48617.74,0.841462173,0.02175805,0.584710017,0.506279988,0.031999441,32.28210549,0.901098901,0.515348128,0.256258322,0.559087883,0.10442743,0.002479851,0.001239926,0.000619963,35.41758242,0.307692308,0.515348128,False
23605,50862.89,0.875869937,0.023705004,0.687554737,0.404131878,0.033343834,30.28815484,0.838709677,0.540064157,0.34753897,0.585041849,0.042156185,0.0,0.001234568,0.00308642,34.61290323,0.225806452,0.540064157,False
23607,37178.55,0.880518724,0.018245004,0.773092555,0.445269368,0.022997189,31.94589355,0.838709677,0.429110686,0.112394253,0.812407681,0.044447428,0.0,0.0,0.003148615,32.83870968,0.193548387,0.429110686,False
23661,48341.42,0.818458631,0.026548673,0.879912591,0.469630005,0.016446392,30.02986154,0.794871795,0.437817486,0.329536768,0.582403302,0.058324415,0.000623441,0.0,0.003117207,38.71794872,0.230769231,0.437817486,True
23666,63605.89,0.736792322,0.020335986,0.742559845,0.519748369,0.030441519,30.25822269,0.796296296,0.429855076,0.346083858,0.526327887,0.057923267,0.0,0.001228501,0.002457002,37.72685185,0.259259259,0.429855076,False
23701,55309.2,0.816544441,0.02972973,0.733469359,0.52704433,0.038625583,31.73699155,0.830985915,0.562252121,0.421020577,0.503327968,0.028363858,0.0,0.000602047,0.001806141,36.29577465,0.281690141,0.562252121,False
23704,41329.67,0.799095174,0.024888889,0.544090877,0.634135435,0.022774763,28.92751628,0.720930233,0.400897295,0.219054473,0.718279451,0.017880868,0.001205546,0.001205546,0.001205546,35.62790698,0.23255814,0.400897295,False
23803,55677.25,0.847304066,0.081982841,0.916937404,0.564083782,0.025380876,29.85941892,0.77027027,0.434923033,0.331371513,0.579265072,0.056012475,0.003612282,0.001806141,0.002408188,35.95945946,0.162162162,0.434923033,True
23805,55095.93,0.766469719,0.226244344,0.914330531,0.558091656,0.028014888,32.24780541,0.891891892,0.409217858,0.34265233,0.589400922,0.032411674,0.002408188,0.001806141,0.002408188,39.21621622,0.27027027,0.409217858,True
24017,42222.72,0.875219897,0.200367647,0.691431689,0.528503927,0.018835024,32.54818947,0.947368421,0.400652281,0.279429767,0.621529835,0.029459385,0.001751313,0.000875657,0.003502627,40.42105263,0.184210526,0.400652281,False
27105,45228.94,0.853509828,0.115151515,0.837655386,0.467691202,0.054674545,31.23708545,0.8,0.587209631,0.205291162,0.61690807,0.153980688,0.002501563,0.003126954,0.002501563,40.2,0.145454545,0.587209631,True
27401,45182.69,0.7290872,0.073746313,0.683002092,0.577733667,0.03168902,31.51345738,0.770491803,0.421523098,0.240295926,0.678084166,0.037759416,0.000613121,0.002452483,0.001226242,38.54098361,0.327868852,0.421523098,False
27405,45313.6,0.823415675,0.077821012,0.764318424,0.588339166,0.028795107,30.9759,0.811881188,0.50675477,0.251978974,0.56234028,0.090503002,0.001215805,0.002431611,0.001823708,38.33663366,0.237623762,0.50675477,False
27406,49269.36,0.751232779,0.070019724,0.855447251,0.521402284,0.030240956,31.42921409,0.805369128,0.546345147,0.298190623,0.578718676,0.074829594,0.000614251,0.001842752,0.001228501,39.13422819,0.187919463,0.546345147,True
27601,42904.46,0.696738799,0.041429732,0.751737072,0.774624482,0.022756933,27.10286375,0.6375,0.379628858,0.281494697,0.610367727,0.080087224,0.001905972,0.003811944,0.000635324,35.9,0.3375,0.379628858,False
27610,52032.91,0.767741508,0.033387622,0.803005258,0.515863491,0.02575511,32.27087059,0.844537815,0.538309924,0.155874197,0.644355766,0.152316537,0.001867995,0.003113325,0.001867995,38.57983193,0.218487395,0.538309924,True
27704,48326.59,0.686987507,0.02200489,0.731306263,0.602474312,0.02964935,31.10869536,0.78807947,0.435716122,0.270414844,0.537681442,0.147438219,0.001869159,0.003115265,0.001869159,39.21192053,0.185430464,0.435716122,False
27834,49856.07,0.759983274,0.190615836,0.762181555,0.59778386,0.029153749,29.09064433,0.684729064,0.453570007,0.33672408,0.554325406,0.065282161,0.001432665,0.005730659,0.00286533,34.92118227,0.310344828,0.453570007,False
27893,47702.41,0.853407012,0.226600985,0.738098684,0.468624044,0.026809631,31.26455595,0.785714286,0.649027721,0.32320456,0.516567415,0.118287779,0.002749771,0.005499542,0.001833181,38.25,0.202380952,0.649027721,False
28208,45354.47,0.849184542,0.037574722,0.756526649,0.543832819,0.025225518,30.60145522,0.71641791,0.425413544,0.134992292,0.704883286,0.080213609,0.001891551,0.004413619,0.003152585,34.25373134,0.208955224,0.425413544,False
28213,51820.36,0.702938247,0.043591979,0.773540063,0.522483167,0.025533974,31.63788299,0.823129252,0.466550656,0.209495472,0.522147477,0.203182406,0.001889169,0.002518892,0.002518892,37.68707483,0.244897959,0.466550656,False
28216,53386.12,0.716923639,0.037783375,0.81687742,0.538489494,0.020570654,31.58805106,0.812765957,0.531016482,0.225465546,0.644947749,0.07095152,0.001918159,0.004475703,0.002557545,38.34893617,0.187234043,0.531016482,True
29061,54355.54,0.770665071,0.194267516,0.961278746,0.518584622,0.035463861,31.71133077,0.846153846,0.482421612,0.252516322,0.651387378,0.071273123,0.00122549,0.001838235,0.004289216,43.25641026,0.128205128,0.482421612,True
29102,41085.88,0.826211789,0.275280899,0.901309383,0.531711277,0.018696857,30.69402,0.666666667,0.530230151,0.439846565,0.523712658,0.024584447,0.001941748,0.001941748,0.001941748,40.53333333,0.1,0.530230151,True
29115,44117.6,0.786510713,0.33,0.90772031,0.401632743,0.021633255,31.19510909,0.909090909,0.606847504,0.209015973,0.756301946,0.014707391,0.006355932,0.006355932,0.0,39.81818182,0.212121212,0.606847504,True
29150,48855.23,0.77117199,0.298429319,0.847805083,0.577199857,0.028713881,28.99804318,0.727272727,0.45432722,0.429331216,0.502635189,0.034822997,0.003603604,0.001801802,0.003603604,37.68181818,0.238636364,0.45432722,True
29203,48093.1,0.804370691,0.135021097,0.812953368,0.560605218,0.054894546,32.24113621,0.862068966,0.515768016,0.125413625,0.815479047,0.037055748,0.001222494,0.001833741,0.004278729,39.62068966,0.137931034,0.515768016,True
29204,66562.28,0.669991361,0.135021097,0.582581302,0.554071364,0.028251753,31.52315806,0.806451613,0.467176261,0.380942908,0.585289437,0.010443605,0.001211387,0.001817081,0.004845548,38.87096774,0.322580645,0.467176261,False
29210,43105.33,0.710658795,0.122105263,0.711082783,0.510527613,0.031892404,30.57929352,0.731481481,0.577675472,0.347693988,0.546108381,0.04289207,0.001807229,0.001807229,0.004216867,35.64814815,0.240740741,0.577675472,False
29223,65822.48,0.669558845,0.140756303,0.881367452,0.535454032,0.045252358,29.99975914,0.774193548,0.497322196,0.302786083,0.551236609,0.066533336,0.000613497,0.001840491,0.004907975,39.89784946,0.215053763,0.497322196,True
29229,80588.42,0.537762555,0.165263158,0.85899738,0.496002788,0.031463386,29.94062542,0.795986622,0.48857565,0.340969949,0.538275173,0.051111489,0.000613497,0.001840491,0.005521472,39.14381271,0.307692308,0.48857565,True
29405,33179.38,0.855503208,0.02461258,0.669209717,0.658464666,0.016343007,30.12895263,0.824561404,0.407726863,0.278608696,0.654956522,0.035791304,0.0,0.002523659,0.00126183,38.42105263,0.315789474,0.407726863,False
30013,62855.0,0.708665051,0.030046948,0.860782703,0.485586345,0.021120473,30.8074625,0.875,0.568739924,0.237437233,0.630648998,0.085475894,0.000621891,0.001243781,0.001243781,42.19444444,0.25,0.568739924,True
30016,57756.93,0.808827115,0.110244989,0.916721142,0.561356426,0.028973369,33.45504769,0.930769231,0.510997659,0.394245398,0.517705005,0.047295755,0.000613121,0.0,0.001839362,39.60769231,0.138461538,0.510997659,True
30032,40278.0,0.809942662,0.017288444,0.823934552,0.797031583,0.022736751,30.09737206,0.794117647,0.42192974,0.098801412,0.832587636,0.03220179,0.0,0.0,0.001977587,38.36764706,0.25,0.42192974,True
30034,54597.13,0.754952799,0.015274034,0.86757956,0.521298767,0.028031546,33.40350308,0.938461538,0.492386618,0.021031943,0.948109158,0.010685402,0.0,0.000651466,0.001302932,40.87692308,0.138461538,0.492386618,True
30038,55407.06,0.687944569,0.021922428,0.85217424,0.481790814,0.032571831,34.09197917,0.9375,0.61476509,0.039144062,0.935026984,0.016967926,0.000621118,0.0,0.000621118,39.80208333,0.21875,0.61476509,True
30039,63830.29,0.69381881,0.020264317,0.874823687,0.452929443,0.047533623,31.95800642,0.798165138,0.51250909,0.280695465,0.585364761,0.084177272,0.0,0.001233806,0.001233806,40.93577982,0.155963303,0.51250909,True
30058,55658.98,0.747554728,0.023136247,0.848704483,0.492225259,0.047633557,34.21434184,0.959183673,0.461620264,0.028478823,0.904821734,0.030773153,0.0,0.000616143,0.000616143,41.60204082,0.153061224,0.461620264,True
30083,45742.13,0.761888597,0.02262017,0.705855357,0.478337869,0.033519181,31.60635165,0.879120879,0.491114476,0.11131732,0.81193119,0.030889753,0.001287001,0.0,0.001287001,39.1978022,0.252747253,0.491114476,False
30087,68558.23,0.560112772,0.027592769,0.861686647,0.568737835,0.016982512,30.83832571,0.866666667,0.425700657,0.285372595,0.614436058,0.051557351,0.000634921,0.001269841,0.0,42.80952381,0.180952381,0.425700657,True
30088,55513.37,0.720557907,0.024,0.791416806,0.544500408,0.013694254,33.18334651,0.860465116,0.41948675,0.045845776,0.881538732,0.033233796,0.000630915,0.0,0.000630915,39.53488372,0.139534884,0.41948675,False
30106,56779.55,0.720622287,0.025188917,0.775813075,0.482308875,0.031953979,32.55963091,0.909090909,0.490563711,0.3090417,0.543805132,0.108460305,0.001842752,0.005528256,0.001228501,39.41818182,0.2,0.490563711,False
30168,51152.84,0.779566563,0.042095416,0.843670177,0.514464689,0.037977055,32.7208125,0.85,0.489942964,0.140220427,0.596285952,0.249867895,0.000629723,0.005037783,0.001259446,37.875,0.075,0.489942964,True
30213,62536.44,0.734212671,0.02534965,0.951578723,0.542482568,0.043079718,32.94054545,0.922077922,0.533361116,0.146120211,0.756836129,0.087646022,0.00062461,0.002498438,0.001873829,40.97402597,0.155844156,0.533361116,True
30228,62911.02,0.75547212,0.026046512,0.88941257,0.463629232,0.023749499,32.08549124,0.854014599,0.534158045,0.336107987,0.530433696,0.071466067,0.0,0.000610128,0.001830384,39.89051095,0.240875912,0.534158045,True
30236,49704.12,0.771485653,0.027829314,0.808870394,0.517687418,0.037524892,31.49775728,0.883495146,0.608438974,0.203793888,0.610743679,0.120409161,0.0,0.0,0.001243781,41.23300971,0.27184466,0.608438974,True
30238,48851.45,0.822722333,0.031775701,0.886177184,0.465595776,0.014984595,32.39235536,0.928571429,0.447594439,0.118349988,0.722180186,0.113392647,0.0,0.0,0.001230012,39.0,0.107142857,0.447594439,True
30273,59840.66,0.6875,0.029356061,0.893014209,0.547394099,0.030069299,31.54301176,0.794117647,0.467743506,0.16034904,0.657242583,0.124816754,0.0,0.0,0.000631313,41.32352941,0.205882353,0.467743506,True
30274,40021.17,0.832161605,0.042490119,0.78065206,0.386837931,0.019849188,31.75962,0.933333333,0.55673677,0.068879692,0.749428414,0.115706306,0.0,0.00062461,0.00062461,39.51111111,0.155555556,0.55673677,False
30291,48119.12,0.746158574,0.026572188,0.952558824,0.528166144,0.014573994,33.47008108,0.891891892,0.562614869,0.09828499,0.822073397,0.069414906,0.000633312,0.001266624,0.001266624,37.16216216,0.027027027,0.562614869,True
30294,61182.44,0.710731596,0.02303263,0.924448254,0.543289784,0.03628581,33.19211413,0.934782609,0.550875444,0.075997718,0.846689982,0.048540318,0.0,0.000643501,0.0,41.09782609,0.163043478,0.550875444,True
30296,51310.24,0.771052031,0.033206831,0.832111255,0.549161558,0.017289233,33.70257941,0.911764706,0.536587265,0.052869984,0.83031354,0.065999009,0.0,0.000632111,0.000632111,38.5648042,0.058823529,0.536587265,True
30303,42007.51,0.759238095,0.016183986,0.739000969,0.623293121,0.020550466,29.79409405,0.702380952,0.418599009,0.269119659,0.546145659,0.086209518,0.0,0.0,0.001383126,37.66666667,0.238095238,0.418599009,False
30310,28705.73,0.837541613,0.022807018,0.652556602,0.644460598,0.01608694,31.69516,0.85,0.382453182,0.057069341,0.899650327,0.018209408,0.0,0.001375516,0.000687758,36.7,0.15,0.382453182,False
30311,32447.09,0.795529392,0.028414299,0.74084285,0.474661373,0.017216572,31.47212,0.888888889,0.549039244,0.014678301,0.926798771,0.046753106,0.000677507,0.004065041,0.000677507,38.91111111,0.222222222,0.549039244,False
30312,65152.57,0.507449874,0.018134715,0.836528206,0.718857349,0.020173483,26.99723377,0.587719298,0.365873139,0.380698006,0.527777778,0.046207265,0.0,0.000691563,0.001383126,34.94736842,0.26754386,0.365873139,True
30315,35699.75,0.816176471,0.024064171,0.766059471,0.672684239,0.013003184,28.73294722,0.763888889,0.370941406,0.118510828,0.795757935,0.068407001,0.0,0.000683995,0.000683995,35.70833333,0.305555556,0.370941406,False
30316,61283.1,0.587464801,0.016521739,0.781802148,0.721784989,0.023935414,27.75011145,0.607929515,0.324830257,0.357869464,0.54328047,0.05904467,0.0,0.000684932,0.001369863,36.66519824,0.27753304,0.324830257,False
30318,69170.22,0.502085715,0.018691589,0.628488179,0.622844161,0.018696438,27.25469559,0.613970588,0.406743541,0.3472614,0.520060069,0.050205978,0.0,0.002053388,0.001368925,34.10294118,0.319852941,0.406743541,False
30331,57465.04,0.68968419,0.032667877,0.857858142,0.501101308,0.027198077,32.52794444,0.854700855,0.525589894,0.011481038,0.94774474,0.025954391,0.000650195,0.004551365,0.00130039,39.58119658,0.188034188,0.525589894,True
30344,40125.44,0.74059634,0.032021958,0.57165318,0.569593373,0.03124651,31.24502687,0.791044776,0.37289519,0.109691288,0.771391891,0.099450648,0.000687758,0.001375516,0.000687758,39.34328358,0.179104478,0.37289519,False
30349,53867.51,0.672178966,0.027472527,0.870012591,0.511722391,0.020871384,33.13486838,0.941176471,0.508373854,0.027444425,0.908223327,0.033073318,0.000637755,0.00255102,0.000637755,39.95588235,0.110294118,0.508373854,True
30815,51385.38,0.827040717,0.253094911,0.96806196,0.421547619,0.037835582,31.38285208,0.791666667,0.61867267,0.332174479,0.573032865,0.037341804,0.002409639,0.002409639,0.004216867,39.20833333,0.25,0.61867267,True
30906,39597.82,0.891096979,0.247924081,0.827734106,0.466777426,0.024879265,31.50390833,0.802083333,0.53564503,0.274551672,0.658887313,0.039703061,0.000600601,0.002402402,0.004804805,37.96875,0.208333333,0.53564503,True
31204,32145.7,0.791085491,0.254344392,0.791194121,0.528353502,0.029152736,28.644452,0.693333333,0.580717594,0.320126299,0.63923406,0.019725674,0.0,0.004019293,0.004019293,36.66666667,0.213333333,0.580717594,False
31211,56580.66,0.770491803,0.247540984,0.860981755,0.424735634,0.04761147,33.0172,0.914285714,0.594420078,0.416756312,0.529266595,0.028412327,0.00070373,0.004222379,0.004222379,40.94285714,0.371428571,0.594420078,True
31404,42951.02,0.794253566,0.090547264,0.631526104,0.520509598,0.034543352,27.73174262,0.524590164,0.425934279,0.257341601,0.676780712,0.034622769,0.000621891,0.001865672,0.003109453,39.86885246,0.196721311,0.425934279,False
31601,39913.82,0.87801538,0.25,0.835542179,0.480904826,0.052302404,29.23678889,0.688888889,0.479888126,0.328781786,0.594642289,0.054705355,0.0,0.005703422,0.003802281,35.44444444,0.2,0.479888126,True
31705,36079.41,0.910542308,0.272300469,0.877053229,0.601704141,0.036456395,35.2137234,0.872340426,0.58810502,0.248764365,0.705570211,0.028199763,0.0,0.002915452,0.011661808,39.28092219,0.170212766,0.58810502,True
31707,54979.75,0.760549558,0.278409091,0.847348044,0.497745265,0.039057324,30.87785,0.855263158,0.576823578,0.343255742,0.585823651,0.026774958,0.0,0.003225806,0.009677419,38.84210526,0.144736842,0.576823578,True
31901,34098.1,0.789385358,0.209647495,0.824968003,0.437575723,0.028057587,27.80652424,0.666666667,0.512264718,0.388964951,0.52026287,0.05449069,0.000934579,0.002803738,0.003738318,38.72727273,0.454545455,0.512264718,True
31906,49444.72,0.760406308,0.212569316,0.571167737,0.669223446,0.051890116,28.26648281,0.703125,0.504292421,0.285220478,0.660127055,0.025130792,0.000935454,0.002806361,0.003741815,38.953125,0.234375,0.504292421,False
31907,48532.47,0.813023976,0.20537428,0.811933426,0.460187484,0.059168738,30.13985075,0.76119403,0.544826999,0.249207455,0.663438425,0.049381641,0.000931099,0.002793296,0.003724395,37.90298507,0.276119403,0.544826999,True
32114,33074.76,0.841538995,0.086629002,0.676791868,0.479969833,0.070514912,31.364175,0.733333333,0.366872594,0.379416919,0.500111518,0.073283416,0.0,0.003754693,0.001251564,35.18333333,0.233333333,0.366872594,False
32202,40701.64,0.805146296,0.040229885,0.42795762,0.603193687,0.021593361,29.22903333,0.8,0.407802472,0.327903916,0.554623231,0.070911484,0.001965924,0.003931848,0.001310616,41.36666667,0.4,0.407802472,False
32208,40053.63,0.867333178,0.03359375,0.768265935,0.43444863,0.047406948,35.09313714,0.857142857,0.534930764,0.138772846,0.820724543,0.01752611,0.00259909,0.003898635,0.001299545,42.08571429,0.257142857,0.534930764,False
32218,60949.67,0.801858007,0.036191975,0.824650193,0.492847267,0.03527827,31.3637507,0.873239437,0.471073259,0.398691,0.521193337,0.045001212,0.002617801,0.003272251,0.001308901,41.27699531,0.23943662,0.471073259,True
32305,42648.22,0.824717619,0.165322581,0.838527649,0.435939992,0.034488601,32.98052667,0.933333333,0.504919999,0.350318781,0.584075534,0.037523726,0.000657895,0.003947368,0.003289474,39.22222222,0.177777778,0.504919999,True
32310,36807.57,0.774361702,0.167560322,0.855627074,0.55028343,0.021757245,34.81033143,0.914285714,0.522361383,0.39882332,0.505497118,0.04926606,0.000667111,0.004002668,0.003335557,37.14285714,0.171428571,0.522361383,True
32805,35339.99,0.84209796,0.018409426,0.440273389,0.463625104,0.091510774,31.36962258,0.838709677,0.49412678,0.109889613,0.768367716,0.091883822,0.0,0.002478315,0.001239157,37.12903226,0.387096774,0.49412678,False
32808,37478.61,0.869150943,0.021228203,0.621761753,0.574849938,0.035045989,32.69948,0.86,0.522480664,0.138505446,0.676412915,0.140505174,0.001849568,0.005548705,0.000616523,37.14,0.08,0.522480664,False
32811,39143.49,0.796412336,0.020501139,0.612103205,0.462792548,0.027285194,32.24453,0.857142857,0.416714664,0.193644963,0.533662071,0.225394988,0.0,0.00248911,0.001244555,35.05714286,0.228571429,0.416714664,False
32818,50745.26,0.821107997,0.027955272,0.689798167,0.540373095,0.040157619,31.71116912,0.808823529,0.368104798,0.126891016,0.671271998,0.127740043,0.001802885,0.005408654,0.001201923,42.07352941,0.25,0.368104798,False
33023,54329.52,0.843666,0.023054755,0.55449702,0.539367953,0.016620884,30.51400825,0.81443299,0.418793448,0.151022423,0.532802144,0.271047807,0.001246106,0.003115265,0.0,39.11340206,0.216494845,0.418793448,False
33068,60206.24,0.848772321,0.019923372,0.559668469,0.536697486,0.018257163,29.83856875,0.775,0.400213672,0.140853007,0.557971437,0.224774118,0.002512563,0.003768844,0.000628141,36.0625,0.175,0.400213672,False
33161,46217.65,0.83201018,0.023360965,0.352694743,0.469240074,0.017563024,29.10330484,0.806451613,0.376938607,0.088924359,0.652726789,0.226939789,0.0,0.000648088,0.001944264,32.5,0.306451613,0.376938607,False
33162,41231.96,0.832299341,0.017316017,0.259966412,0.711585061,0.011349057,32.47541282,0.820512821,0.42964683,0.14404777,0.527155336,0.276279698,0.001278772,0.000639386,0.001278772,34.92307692,0.256410256,0.42964683,False
33169,48197.22,0.834244767,0.030373832,0.467383382,0.47208287,0.017578419,30.46635231,0.815384615,0.446479994,0.04603163,0.804834661,0.129273582,0.001890359,0.002520479,0.00063012,37.6,0.261538462,0.446479994,False
33311,42870.21,0.883122764,0.021513944,0.432166858,0.506813939,0.032322473,31.15015667,0.833333333,0.421470279,0.076561226,0.848654317,0.056070139,0.000632511,0.001265022,0.000632511,38.08333333,0.333333333,0.421470279,False
33313,41018.69,0.85474933,0.016006098,0.488516931,0.617557167,0.023830923,33.98912727,0.954545455,0.420349844,0.098368703,0.779161281,0.080697678,0.003742982,0.001247661,0.00062383,38.72727273,0.227272727,0.420349844,False
33319,47150.56,0.784090909,0.014774495,0.59936849,0.502303217,0.020167581,31.33289242,0.818181818,0.358666326,0.211926003,0.568243945,0.17655909,0.003764115,0.00250941,0.000627353,38.21212121,0.166666667,0.358666326,False
33407,41251.79,0.775194182,0.017871649,0.494810702,0.659050265,0.027733835,30.625125,0.821428571,0.436389587,0.221239814,0.590643661,0.159480057,0.003030303,0.004242424,0.003030303,38.375,0.196428571,0.436389587,False
33605,32475.25,0.850779133,0.025129983,0.666861849,0.531979918,0.01676708,30.6158413,0.739130435,0.378198786,0.154702768,0.560456357,0.264424914,0.0,0.004551365,0.000650195,35.45652174,0.260869565,0.378198786,False
33610,36735.59,0.845805953,0.030612245,0.600450484,0.47889141,0.039428241,31.26699403,0.76119403,0.51809977,0.196920316,0.530702376,0.201667375,0.0,0.005221932,0.0,35.59701493,0.223880597,0.51809977,False
33705,44915.49,0.714455098,0.028156997,0.732958109,0.58877018,0.011985334,28.18624487,0.628205128,0.385443286,0.344626943,0.566988289,0.055940193,0.001270648,0.004447268,0.001905972,39.48717949,0.294871795,0.385443286,False
33712,43737.87,0.759792492,0.030874786,0.652492631,0.526322908,0.035166121,31.53459048,0.904761905,0.379392576,0.213667585,0.701307773,0.037874966,0.001264223,0.004424779,0.001264223,40.85714286,0.30952381,0.379392576,False
33916,30800.64,0.827093596,0.036837376,0.738025323,0.47943858,0.031477787,30.1704475,0.725,0.313750855,0.267058292,0.50786263,0.192769995,0.001221001,0.004273504,0.001831502,37.35,0.125,0.313750855,False
35211,52515.11,0.782465625,0.081570997,0.681591716,0.446440401,0.036627866,29.36159167,0.694444444,0.513658897,0.06908427,0.901995768,0.008132443,0.0,0.001872659,0.001872659,35.02777778,0.222222222,0.513658897,False
35215,50182.95,0.825262801,0.087309645,0.869783997,0.409584959,0.030831617,32.7384,0.863013699,0.565927284,0.227690753,0.694492168,0.047296614,0.0,0.001895136,0.001895136,39.68493151,0.260273973,0.565927284,True
35235,67990.21,0.736987736,0.092929293,0.844017104,0.508808611,0.024998925,29.93914035,0.842105263,0.491439414,0.407963411,0.539628733,0.032445521,0.0,0.001269841,0.001904762,40.24561404,0.157894737,0.491439414,True
35401,34683.14,0.766272917,0.198863636,0.649373549,0.464215916,0.030946986,26.22618231,0.503401361,0.451836535,0.435018244,0.501046362,0.025971238,0.001577287,0.0,0.004731861,28.49659864,0.231292517,0.451836535,False
35810,53852.42,0.797368558,0.194379391,0.797047553,0.536993108,0.034049664,33.13655333,0.866666667,0.490522978,0.188586278,0.708447234,0.061017178,0.001855288,0.001855288,0.002473717,39.16666667,0.2,0.490522978,False
35816,45925.22,0.790189052,0.192488263,0.654965266,0.418585488,0.019611619,30.47045806,0.806451613,0.572011282,0.236067026,0.64922123,0.039639773,0.001875,0.001875,0.003125,35.12903226,0.193548387,0.572011282,False
36111,65733.46,0.627034414,0.224371373,0.572901597,0.464523837,0.069956526,28.9061175,0.675,0.506667998,0.370236827,0.59608293,0.008194706,0.0,0.002331002,0.003496503,40.325,0.225,0.506667998,False
36116,62338.96,0.712484823,0.229287091,0.758878315,0.457761425,0.035301506,31.13376517,0.786516854,0.545188114,0.151855643,0.748976504,0.053533286,0.0,0.002339181,0.003508772,38.31460674,0.224719101,0.545188114,False
36618,50885.74,0.768051741,0.221932115,0.831311265,0.48954013,0.018555223,30.60890263,0.789473684,0.347498983,0.338578978,0.621315326,0.02524956,0.00122549,0.00122549,0.004901961,37.31578947,0.210526316,0.347498983,True
36869,47419.8,0.856063332,0.20458891,0.789574628,0.420172082,0.051219325,29.76053529,0.921568627,0.587435092,0.395102425,0.532987992,0.04812809,0.000805802,0.002417405,0.004834811,35.2745098,0.274509804,0.587435092,False
37207,37483.02,0.814019414,0.013673655,0.728640579,0.526679091,0.032100989,31.24292597,0.74025974,0.502847487,0.193606837,0.701165589,0.065905833,0.000660939,0.002643754,0.000660939,37.24675325,0.233766234,0.502847487,False
37208,30653.71,0.709665428,0.014362657,0.670534665,0.644472769,0.01405402,28.17268679,0.58490566,0.367716622,0.179617611,0.772846869,0.015962112,0.00067981,0.004078858,0.0,32.88679245,0.113207547,0.367716622,False
37411,47236.65,0.763245979,0.189773845,0.778013062,0.47810586,0.041369067,29.46090213,0.744680851,0.442936237,0.349185851,0.541100505,0.065749579,0.002453988,0.003680982,0.004294479,39.9787234,0.29787234,0.442936237,False
38107,50054.42,0.789713485,0.033143939,0.762202991,0.594897967,0.019092309,27.40217105,0.684210526,0.389808677,0.139519715,0.831010969,0.006700267,0.000621118,0.002484472,0.001863354,34.68421053,0.184210526,0.389808677,False
38109,34754.61,0.881141364,0.055555556,0.792085218,0.484464906,0.026529395,35.1361475,1.0,0.520429977,0.025217759,0.947537259,0.016262336,0.000628536,0.002514142,0.003771213,39.875,0.125,0.520429977,False
38112,44787.34,0.694019341,0.031015038,0.761591139,0.719877731,0.014100768,27.01775357,0.535714286,0.340150126,0.363577178,0.552734375,0.048887311,0.000622278,0.001244555,0.001866833,32.80357143,0.267857143,0.340150126,False
38115,41216.58,0.833769523,0.031865042,0.630733533,0.410807699,0.034202624,33.54198868,0.943396226,0.564370658,0.071085681,0.818843039,0.08626291,0.0,0.000614251,0.002457002,37.83018868,0.150943396,0.564370658,False
38116,40124.17,0.821501665,0.034026465,0.775347367,0.406609444,0.028766334,34.02379412,0.941176471,0.69696152,0.029375765,0.923138411,0.03329753,0.0,0.00126183,0.003785489,37.55882353,0.147058824,0.69696152,False
38118,34076.62,0.898235041,0.031984948,0.614123303,0.384631639,0.025345496,33.17775333,0.866666667,0.659018058,0.079529261,0.751535551,0.149132721,0.0,0.000615764,0.004310345,39.1,0.2,0.659018058,False
38125,79452.11,0.667548607,0.02732596,0.821830431,0.490395273,0.041485685,32.10343,0.892307692,0.493707319,0.144043007,0.759796558,0.058924289,0.0,0.001841621,0.002455494,41.21538462,0.215384615,0.493707319,True
38128,46066.75,0.865418169,0.030046948,0.892162883,0.520912002,0.028031396,33.03128269,0.865384615,0.451875314,0.133627313,0.752945369,0.085677379,0.000611247,0.000611247,0.001833741,39.59615385,0.096153846,0.451875314,True
38141,61694.51,0.815952309,0.031686859,0.85024374,0.397833366,0.023399703,36.84996154,0.948717949,0.591508039,0.058126734,0.836760756,0.075961073,0.0,0.0,0.003649635,38.82051282,0.128205128,0.591508039,True
38301,43235.76,0.846878413,0.207373272,0.873272722,0.474961154,0.019588688,29.42017,0.64,0.580595354,0.443173464,0.519069603,0.017849266,0.0,0.0,0.002688172,36.38,0.34,0.580595354,True
38732,38289.97,0.735658716,0.189655172,0.904465598,0.501605126,0.033371599,30.72660351,0.684210526,0.537824352,0.426767539,0.527132205,0.027485985,0.0,0.0,0.0,34.49122807,0.140350877,0.537824352,True
38930,32218.88,0.802527436,0.162162162,0.882696338,0.61404752,0.017773741,29.446225,0.6,0.446465556,0.279175914,0.68916712,0.01306478,0.0,0.0,0.0,38.75,0.15,0.446465556,True
39046,70692.46,0.764865783,0.189944134,0.929977476,0.397919223,0.032685076,31.842916,0.8,0.498799074,0.265610909,0.681901807,0.03892356,0.0,0.0,0.002979146,40.54,0.32,0.498799074,True
39120,37239.83,0.818287973,0.125,0.891843445,0.422916143,0.038713311,29.39441321,0.698113208,0.499536969,0.376911986,0.531469408,0.079551153,0.0,0.0,0.0,39.32075472,0.188679245,0.499536969,True
39206,42534.34,0.706045742,0.191594561,0.651545726,0.495464304,0.042445391,33.04465745,0.85106383,0.52055712,0.101123596,0.876444338,0.008167982,0.0,0.0,0.002814259,38.29787234,0.14893617,0.52055712,False
39209,35757.31,0.866377542,0.190535492,0.83033026,0.484063194,0.050087927,34.67935,0.880952381,0.59931304,0.062958563,0.921319265,0.009223674,0.0,0.0,0.002843602,38.71428571,0.19047619,0.59931304,True
39212,46468.02,0.780598368,0.191831683,0.783775807,0.425832952,0.029804604,35.29178333,0.916666667,0.570953432,0.114753123,0.868590125,0.008209399,0.0,0.0,0.002824859,40.14583333,0.1875,0.570953432,False
39272,63750.97,0.727227165,0.195760599,0.882616257,0.433098539,0.024675514,33.99272727,0.878787879,0.645134884,0.358339287,0.617448599,0.007938398,0.0,0.0,0.001834862,38.42424242,0.151515152,0.645134884,True
39307,42170.84,0.888812688,0.198529412,0.846527666,0.619150483,0.032702724,34.66595455,0.939393939,0.781198441,0.322693267,0.637683569,0.021945137,0.0,0.0,0.0,39.27272727,0.151515152,0.781198441,True
39401,48891.55,0.775880551,0.176258993,0.837267914,0.416243979,0.029352678,30.50527761,0.76119403,0.494033545,0.401975947,0.54262367,0.024768588,0.0,0.002518892,0.002518892,36.78358209,0.179104478,0.494033545,True
39440,39484.44,0.800165153,0.20754717,0.801663763,0.404284636,0.051095062,31.35439149,0.765957447,0.527005498,0.327898374,0.597439891,0.057188747,0.0,0.0,0.0,40.57446809,0.319148936,0.527005498,True
39501,37856.19,0.866372877,0.150074294,0.924826772,0.585525755,0.055231167,31.12462439,0.804878049,0.38947219,0.346089625,0.542352994,0.070761316,0.00173913,0.000869565,0.004347826,37.75609756,0.195121951,0.38947219,True
39648,39878.44,0.848231753,0.178571429,0.88981903,0.51990036,0.04247038,30.00050682,0.772727273,0.564043854,0.370181616,0.59636768,0.017188658,0.0,0.0,0.0,39.11363636,0.090909091,0.564043854,True
40202,18772.81,0.847091745,0.052380952,0.257780399,0.486120926,0.025984769,28.76997308,0.673076923,0.442184216,0.396350023,0.519263765,0.026672906,0.003814367,0.001907184,0.002542912,38.90384615,0.365384615,0.442184216,False
40203,27993.21,0.856810897,0.052331113,0.476882253,0.539992519,0.029431555,30.97622973,0.72972973,0.548060139,0.359450642,0.585929278,0.018364555,0.005066498,0.001899937,0.002533249,32.83783784,0.27027027,0.548060139,False
43205,48550.69,0.766451613,0.031588448,0.598942133,0.615406114,0.015509511,28.77502381,0.738095238,0.324354305,0.28687029,0.572153907,0.027846093,0.002672011,0.003340013,0.001336005,38.0952381,0.30952381,0.324354305,False
43219,43255.65,0.768851064,0.027272727,0.794931968,0.601837978,0.022961859,31.23245775,0.774647887,0.433732201,0.156069364,0.721619865,0.056332729,0.001311475,0.002622951,0.002622951,35.36619718,0.281690141,0.433732201,False
43227,45600.3,0.862016829,0.033364226,0.75787307,0.538407544,0.015256166,31.29298125,0.78125,0.398872666,0.218684649,0.597712432,0.097563057,0.001293661,0.003234153,0.001293661,40.75,0.1875,0.398872666,False
43232,48010.97,0.854127803,0.032407407,0.779959103,0.521222368,0.076051905,31.68672022,0.876404494,0.555258462,0.334445774,0.575170319,0.039932793,0.001913265,0.003188776,0.00127551,38.56179775,0.213483146,0.555258462,False
43604,28259.7,0.86176574,0.122210414,0.630573875,0.852426655,0.022004822,29.44551333,0.666666667,0.384811041,0.336774337,0.545676546,0.088689089,0.001823708,0.003039514,0.004863222,36.23333333,0.266666667,0.384811041,False
43607,36531.59,0.862373547,0.118589744,0.590502182,0.440275074,0.033569644,28.59879808,0.653846154,0.480984085,0.207816321,0.691332307,0.042568608,0.002415459,0.003019324,0.004830918,31.19230769,0.211538462,0.480984085,False
44105,30113.62,0.913444676,0.0250501,0.430964081,0.525111749,0.075601533,33.72223684,0.894736842,0.475750816,0.216195509,0.731070013,0.03006605,0.00260078,0.001950585,0.00260078,38.65789474,0.157894737,0.475750816,False
44115,31355.18,0.74658489,0.027695351,0.252136948,0.74853871,0.026567443,27.388346,0.58,0.303692391,0.223993727,0.690538421,0.017250392,0.002621232,0.002621232,0.002621232,32.32,0.34,0.303692391,False
44119,53166.86,0.765227676,0.028515241,0.505743164,0.674609254,0.009664577,28.93040968,0.774193548,0.256512485,0.456790123,0.503837171,0.00642309,0.002569043,0.002569043,0.004495825,39.38709677,0.225806452,0.256512485,False
44120,56220.27,0.651746631,0.022286822,0.438580464,0.614562001,0.012131722,28.53497273,0.681818182,0.308975859,0.217587571,0.694210758,0.018672138,0.001919386,0.001919386,0.004478567,40.64393939,0.265151515,0.308975859,False
44123,52840.43,0.779625967,0.028128031,0.590458195,0.668986563,0.01820624,31.6108283,0.735849057,0.404110635,0.423967094,0.533181902,0.020443244,0.002493766,0.002493766,0.004987531,40.20754717,0.188679245,0.404110635,False
44128,42026.29,0.869167429,0.024574669,0.631873106,0.527635564,0.008096763,34.96395294,0.882352941,0.510413837,0.03798176,0.925888396,0.01285859,0.003109453,0.001865672,0.006218905,41.08823529,0.088235294,0.510413837,False
44132,50053.12,0.81401783,0.029154519,0.834429522,0.620655236,0.016844483,32.05758293,0.829268293,0.432373969,0.364271922,0.593048805,0.013183301,0.002487562,0.002487562,0.004975124,39.09756098,0.097560976,0.432373969,True
44137,47073.27,0.846986292,0.033864542,0.674937602,0.616149465,0.012860838,31.69841714,0.914285714,0.527097341,0.234423847,0.713354762,0.01818502,0.004391468,0.003764115,0.004391468,39.85714286,0.2,0.527097341,False
44146,57071.11,0.801833568,0.029910269,0.847833744,0.606118037,0.032168589,31.87167976,0.880952381,0.416762219,0.35109611,0.580477993,0.026661212,0.006819591,0.002479851,0.004959702,37.96428571,0.261904762,0.416762219,True
44320,52691.86,0.825760885,0.036585366,0.667817184,0.558429564,0.033816359,30.89611556,0.688888889,0.416101744,0.230090818,0.717465484,0.01186414,0.004081633,0.001749271,0.002332362,37.31111111,0.177777778,0.416101744,False
45206,43524.87,0.61079865,0.043694141,0.521117972,0.890954398,0.017303926,28.56409107,0.714285714,0.323905754,0.379051919,0.556478555,0.01489842,0.003242542,0.003242542,0.001945525,33.67857143,0.214285714,0.323905754,False
45223,50937.75,0.669319187,0.037735849,0.786870751,0.50880687,0.031897675,28.49919787,0.638297872,0.385044698,0.43491455,0.501916627,0.033461108,0.002565747,0.001282874,0.00192431,36.76595745,0.276595745,0.385044698,False
45224,50544.87,0.712025958,0.036889332,0.783271142,0.437895569,0.043436739,30.66700167,0.766666667,0.419678626,0.42393601,0.534208673,0.00820002,0.001876173,0.003752345,0.001876173,41.41666667,0.35,0.419678626,False
45237,56967.14,0.792255059,0.043062201,0.835882497,0.518460069,0.02377463,30.02457632,0.736842105,0.351039055,0.217408684,0.735521911,0.012791685,0.000618429,0.004947434,0.003092146,39.47368421,0.263157895,0.351039055,True
45240,55890.51,0.719578499,0.035433071,0.810724943,0.543687626,0.01833784,31.52279718,0.915492958,0.492308053,0.286083695,0.572276651,0.043668281,0.004667445,0.005250875,0.002333722,40.18309859,0.225352113,0.492308053,True
45402,35220.68,0.815545772,0.08877551,0.788091652,0.572192753,0.034181697,29.17083,0.6,0.430069633,0.224328119,0.729141596,0.022663458,0.0,0.002372479,0.002372479,36.1,0.35,0.430069633,False
45405,33468.78,0.849046794,0.10384216,0.820447249,0.629166588,0.019671683,31.22611563,0.875,0.313884514,0.302068966,0.604425287,0.042931034,0.0,0.00179964,0.00179964,41.375,0.1875,0.313884514,True
45426,47032.52,0.837939817,0.098778004,0.849237843,0.542769864,0.022305713,36.58232333,0.966666667,0.627839151,0.192697245,0.740726405,0.016192504,0.000600601,0.002402402,0.001801802,41.43333333,0.133333333,0.627839151,True
46205,58610.62,0.632604055,0.037002775,0.676742227,0.633320781,0.033622936,28.1177549,0.700980392,0.409617012,0.405812702,0.509149623,0.031324004,0.00330033,0.002640264,0.001980198,36.25490196,0.387254902,0.409617012,False
46208,72154.36,0.677998046,0.035171103,0.611706624,0.684398031,0.024577507,26.95779658,0.609589041,0.371977718,0.415035739,0.509828114,0.026633764,0.003997335,0.001332445,0.001998668,34.17808219,0.253424658,0.371977718,False
46226,45960.34,0.815256503,0.03864279,0.743019581,0.516245998,0.022801296,33.14112021,0.85106383,0.5073586,0.266866369,0.566287086,0.112420431,0.003088326,0.003088326,0.001852996,38.87234043,0.127659574,0.5073586,False
46235,48845.36,0.839528119,0.036723164,0.930073954,0.441571193,0.022139329,31.9847407,0.872093023,0.604579057,0.246391106,0.598583341,0.116739891,0.002393776,0.00299222,0.001196888,39.5,0.151162791,0.604579057,True
46254,53304.87,0.704241866,0.034582133,0.7281195,0.575912379,0.025631599,31.34073775,0.82781457,0.433109405,0.212991199,0.541812322,0.177463741,0.003724395,0.001862197,0.001862197,38.53642384,0.165562914,0.433109405,False
48034,78960.66,0.595755281,0.045387994,0.827854101,0.520520366,0.031673379,31.65431463,0.780487805,0.428130029,0.210893018,0.702577165,0.018429727,0.002607562,0.003259452,0.002607562,37.87804878,0.170731707,0.428130029,True
48075,69980.49,0.639290836,0.033240997,0.685832054,0.500920449,0.030458273,31.06156279,0.76744186,0.384056477,0.192185118,0.745000231,0.015611288,0.001315789,0.000657895,0.003289474,38.27906977,0.162790698,0.384056477,False
48076,80142.24,0.580758899,0.032377428,0.743355164,0.578607543,0.03370751,30.78131563,0.833333333,0.401682197,0.300987415,0.632061955,0.01196515,0.001921845,0.000640615,0.00384369,40.90625,0.302083333,0.401682197,False
48201,36737.35,0.704392067,0.024154589,0.176841796,0.688567844,0.024145959,28.06589333,0.683333333,0.300659492,0.229334283,0.648415806,0.018654325,0.002009377,0.0,0.001339585,34.08333333,0.3,0.300659492,False
48202,31239.24,0.746133781,0.028019324,0.36637486,0.777957657,0.017003285,28.91410732,0.658536585,0.299863778,0.200572724,0.723779979,0.0143181,0.002031144,0.0,0.001354096,32.24390244,0.146341463,0.299863778,False
48207,34794.05,0.702697568,0.027263875,0.324170247,0.661642316,0.039355587,30.95233585,0.811320755,0.389336506,0.121473067,0.834875412,0.005359106,0.003965631,0.000660939,0.001321877,37.54716981,0.226415094,0.389336506,False
48214,32177.82,0.806833856,0.024606299,0.451256484,0.785481416,0.01724367,30.2926,0.741935484,0.331886785,0.107406558,0.853978445,0.012703508,0.003911343,0.00065189,0.001303781,37.22580645,0.290322581,0.331886785,False
48219,38462.51,0.847691247,0.039473684,0.604960466,0.533990642,0.014154994,32.84485349,0.88372093,0.466642562,0.066638284,0.904229007,0.008129587,0.001267427,0.003168568,0.001901141,38.1627907,0.255813953,0.466642562,False
48221,47638.87,0.764664777,0.028195489,0.603198749,0.618857051,0.010614587,33.51337955,1.0,0.422404545,0.052182475,0.912423317,0.007422181,0.00258565,0.001939237,0.001292825,40.81818182,0.227272727,0.422404545,False
48225,49838.05,0.796941831,0.028197382,0.23809819,0.632062881,0.03664721,30.67412708,0.770833333,0.375493456,0.34713866,0.573247516,0.021057786,0.003076923,0.002461538,0.001846154,41.8125,0.229166667,0.375493456,False
48226,63335.73,0.553195674,0.023121387,0.354418978,0.64850442,0.012803011,28.47842857,0.678571429,0.288722851,0.337652201,0.518576335,0.058694973,0.002018843,0.0,0.001345895,34.57142857,0.339285714,0.288722851,False
48237,58555.27,0.706054343,0.037463977,0.551754339,0.648343054,0.014869404,31.0704,0.775510204,0.338246695,0.328560385,0.583308124,0.022654701,0.002582311,0.001291156,0.002582311,37.57142857,0.204081633,0.338246695,False
48601,42934.24,0.909939641,0.217861976,0.852366916,0.404589272,0.052189147,32.61129189,0.864864865,0.474811283,0.253654199,0.594953593,0.10915356,0.005336891,0.002001334,0.003335557,40.62162162,0.108108108,0.474811283,True
49022,40467.76,0.872278306,0.182274247,0.871003826,0.493747251,0.031623866,31.40782456,0.877192982,0.562977118,0.38519906,0.520572735,0.065559718,0.00371471,0.00371471,0.001485884,38.64912281,0.140350877,0.562977118,True
53209,50366.97,0.790791571,0.050096339,0.572291131,0.560920943,0.023145599,30.33084211,0.768421053,0.395389308,0.231392151,0.697275942,0.032108089,0.001253133,0.002506266,0.001879699,39.71578947,0.242105263,0.395389308,False
53210,44532.13,0.800337203,0.04238921,0.397994512,0.645809892,0.032107039,29.72491154,0.711538462,0.366324206,0.193868755,0.725480643,0.035903009,0.000636537,0.003182686,0.001909612,37.84615385,0.173076923,0.366324206,False
53212,40306.53,0.694661191,0.044747082,0.420291216,0.710408847,0.015320357,28.40166127,0.626760563,0.285424624,0.344155027,0.520919844,0.089058764,0.000644745,0.002578981,0.001289491,34.05633803,0.246478873,0.285424624,False
53216,38633.22,0.823889591,0.041828794,0.444527055,0.605084887,0.011506257,32.34418704,0.907407407,0.411174559,0.110267077,0.813408091,0.029420631,0.000638162,0.002552648,0.001914486,39.09259259,0.12962963,0.411174559,False
53218,37813.28,0.8783666,0.048123195,0.421260197,0.602878314,0.05388195,33.98542571,0.942857143,0.525996972,0.119554449,0.712784208,0.035010994,0.001243008,0.002486016,0.001243008,36.34285714,0.228571429,0.525996972,False
53224,45155.58,0.748710558,0.047070125,0.788911385,0.643211375,0.033133767,30.56239231,0.903846154,0.438657669,0.286714847,0.516283012,0.095913633,0.001205546,0.001808318,0.002411091,39.5,0.307692308,0.438657669,False
53225,52519.08,0.810999321,0.044358727,0.64907192,0.596521099,0.048544556,30.57234839,0.741935484,0.408606866,0.328111302,0.530360206,0.043262817,0.001192606,0.002385212,0.002385212,40.56451613,0.193548387,0.408606866,False
60104,62166.87,0.84225877,0.052258636,0.485994804,0.590216939,0.022778371,33.20872632,0.921052632,0.636891623,0.046922672,0.735612835,0.187638085,0.00327654,0.004587156,0.001310616,39.60526316,0.342105263,0.636891623,False
60409,50860.0,0.821215242,0.056642636,0.522577548,0.441340266,0.014182157,33.81887447,0.85106383,0.509207166,0.10947651,0.734389262,0.139838926,0.001253133,0.001253133,0.001879699,40.08510638,0.106382979,0.509207166,False
60411,53960.52,0.835882449,0.052578362,0.720716207,0.500438671,0.02492899,31.4272619,0.845238095,0.530926869,0.235152652,0.501654443,0.2345898,0.0,0.0018226,0.0018226,38.23809524,0.178571429,0.530926869,False
60419,54385.72,0.829263216,0.072895277,0.515432347,0.513498242,0.016495574,35.75507188,0.9375,0.601416997,0.041937182,0.892217933,0.046367784,0.002517306,0.001258653,0.00188798,39.125,0.15625,0.601416997,False
60443,78727.9,0.66382041,0.044761905,0.671527548,0.453733116,0.03213111,31.45961455,0.8,0.594434709,0.202516786,0.735737428,0.040991689,0.001191895,0.001787843,0.00238379,40.21818182,0.272727273,0.594434709,False
60466,59975.43,0.729724208,0.045454545,0.783242218,0.504700809,0.016160126,29.51525778,0.733333333,0.482228933,0.263015673,0.630877319,0.064357773,0.00059988,0.00179964,0.00239952,39.48888889,0.244444444,0.482228933,False
60473,59031.17,0.712578409,0.075132275,0.587461527,0.488942906,0.020747281,31.68065294,0.823529412,0.553072064,0.164364702,0.766043434,0.060354399,0.002493766,0.001246883,0.001870324,42.55882353,0.264705882,0.553072064,False
60478,64652.29,0.707200139,0.060784314,0.69021953,0.479541381,0.013848398,34.4556,0.96969697,0.54848848,0.082256374,0.855862149,0.04168122,0.001188354,0.0,0.002376708,40.66666667,0.212121212,0.54848848,False
60612,44876.64,0.677028972,0.020920502,0.283652868,0.648933834,0.022483483,28.92700382,0.707006369,0.38887223,0.194353047,0.62482072,0.124919148,0.000669344,0.00334672,0.004685408,36.7133758,0.25477707,0.38887223,False
60615,68047.76,0.435621535,0.03432701,0.030916648,0.654528848,0.022768899,27.06468317,0.584158416,0.372646035,0.255259955,0.569689743,0.059915046,0.000688705,0.00137741,0.00137741,34.67821782,0.193069307,0.372646035,False
60617,45949.79,0.842108335,0.040566038,0.325250599,0.594931522,0.022024819,31.76106947,0.810526316,0.520453013,0.072648184,0.556323592,0.363078423,0.00269179,0.000672948,0.00269179,36.86315789,0.242105263,0.520453013,False
60619,42561.73,0.779814121,0.028725314,0.428702149,0.514946805,0.021565355,32.4685875,0.90625,0.460525527,0.011699723,0.961987839,0.012845818,0.004051317,0.001350439,0.002700878,42.109375,0.1875,0.460525527,False
60620,50505.15,0.835161345,0.074534161,0.351608867,0.452634682,0.029894553,32.69963115,0.868852459,0.604826678,0.008773575,0.963592548,0.012698596,0.003916449,0.0,0.002610966,39.04918033,0.213114754,0.604826678,False
60628,44100.8,0.810604862,0.056795132,0.663741197,0.432997543,0.060213378,34.17732368,0.973684211,0.589451146,0.01837625,0.937438489,0.030465502,0.004545455,0.0,0.001298701,38.63157895,0.157894737,0.589451146,False
60637,44910.28,0.672608542,0.054976303,0.18456915,0.689352497,0.022036031,28.36502797,0.610169492,0.320684255,0.141157085,0.769966231,0.025509581,0.0,0.001356852,0.001356852,34.95762712,0.211864407,0.320684255,False
60643,75055.58,0.645608848,0.052993131,0.465712752,0.626902129,0.02523537,28.66524696,0.704347826,0.41002451,0.211713228,0.726532956,0.034391272,0.005060089,0.0,0.002530044,39.06086957,0.165217391,0.41002451,False
60644,33418.41,0.892097315,0.038560411,0.344973316,0.534027293,0.040086871,31.75317667,0.866666667,0.539993928,0.022096888,0.926699567,0.04562393,0.000658328,0.004608295,0.000658328,39.3,0.2,0.539993928,False
60649,36700.28,0.75157596,0.056710775,0.539769885,0.611510147,0.029133767,34.46751818,0.909090909,0.49370014,0.030983237,0.92757309,0.018864169,0.0,0.001359619,0.002719239,37.63636364,0.163636364,0.49370014,False
60651,34912.38,0.877409022,0.037229437,0.39441501,0.701656961,0.033669395,32.87502879,0.863636364,0.445749666,0.036593857,0.557441021,0.38763581,0.001308901,0.006544503,0.00065445,34.48484848,0.257575758,0.445749666,False
60653,44015.45,0.710725457,0.03147482,0.052212867,0.628760821,0.027302588,30.28196613,0.838709677,0.439581113,0.042261234,0.906490578,0.019455629,0.000693481,0.001386963,0.002080444,38.58064516,0.290322581,0.439581113,False
63033,64787.56,0.712815288,0.022222222,0.657274954,0.634772525,0.035836151,32.69129839,0.89516129,0.472558801,0.295965499,0.62923599,0.011877268,0.0,0.002396645,0.000599161,39.44354839,0.153225806,0.472558801,False
63034,77929.82,0.613622291,0.022460938,0.899271338,0.540624632,0.029505896,30.568052,0.84,0.491241767,0.334024664,0.605269058,0.02455157,0.000589971,0.000589971,0.000589971,42.06,0.2,0.491241767,True
63101,58112.17,0.469059406,0.030558483,0.439865094,0.560816173,0.029380127,28.790354,0.7,0.430057514,0.38510445,0.558583106,0.003935816,0.003405995,0.004087193,0.0,34.94,0.32,0.430057514,False
63112,55301.88,0.657399103,0.027083333,0.623770138,0.743699783,0.024616004,27.51323218,0.609195402,0.348011872,0.223901511,0.694274847,0.022219998,0.001302932,0.003257329,0.000651466,35.37931034,0.229885057,0.348011872,False
63118,43211.83,0.74629916,0.024870466,0.305756409,0.481930472,0.031417054,29.23382212,0.730769231,0.333760121,0.349774384,0.506560222,0.078930927,0.003342246,0.004010695,0.000668449,35.58653846,0.317307692,0.333760121,False
63121,40917.34,0.785326401,0.025773196,0.650817166,0.554079689,0.015418632,30.56155455,0.727272727,0.54704071,0.134712771,0.821055547,0.010128185,0.000618429,0.003710575,0.000618429,41.6969697,0.242424242,0.54704071,False
63135,46263.34,0.787519227,0.024870466,0.631899542,0.511385825,0.042350489,32.73542791,0.88372093,0.372837393,0.332698029,0.608404611,0.017757531,0.0,0.001819284,0.000606428,39.60465116,0.162790698,0.372837393,False
63136,39439.43,0.878529568,0.024742268,0.613479018,0.46776043,0.036862625,35.55647593,0.962962963,0.59319444,0.068227291,0.892846027,0.008114357,0.000627353,0.00250941,0.000627353,38.75925926,0.166666667,0.59319444,False
63137,38678.84,0.872521474,0.03164557,0.717716236,0.606529986,0.02709096,34.86763529,0.941176471,0.471283353,0.175513196,0.787194526,0.008602151,0.001294498,0.001294498,0.000647249,38.82352941,0.147058824,0.471283353,False
63138,52032.48,0.823019694,0.022931206,0.921176833,0.416507214,0.048538805,33.24227647,0.882352941,0.449336241,0.187775772,0.756668672,0.007571199,0.0,0.000631313,0.000631313,39.73529412,0.176470588,0.449336241,True
64109,38190.35,0.739843515,0.040935673,0.610383185,0.748688388,0.020108141,28.27610727,0.654545455,0.33885467,0.327491074,0.545169317,0.097911933,0.003328895,0.002663116,0.001331558,36.25454545,0.2,0.33885467,False
64134,54459.92,0.854821912,0.039922103,0.607940382,0.658423377,0.027470284,32.7167,0.78,0.521687891,0.26343023,0.635269867,0.055571915,0.002478315,0.000619579,0.001858736,40.34,0.18,0.521687891,False
70058,64205.01,0.824719191,0.015111111,0.542753436,0.422456603,0.019903189,30.96731806,0.819444444,0.412657218,0.26469744,0.549174125,0.109881794,0.000667111,0.002001334,0.001334223,40.84722222,0.222222222,0.412657218,False
70068,62377.96,0.818514911,0.172099087,0.874904514,0.473518294,0.041899186,30.72174308,0.830769231,0.434660381,0.395402162,0.509931211,0.064619874,0.001297859,0.005191434,0.002595717,38.29230769,0.169230769,0.434660381,True
70114,50457.63,0.804058908,0.013611615,0.530270154,0.670094189,0.04375329,31.11199111,0.844444444,0.372804476,0.189701164,0.73765802,0.053581784,0.0,0.00332668,0.001996008,39.0,0.177777778,0.372804476,False
70117,36962.41,0.752198069,0.013574661,0.386385608,0.601339293,0.04283386,28.91786923,0.673076923,0.34537731,0.234538283,0.695238482,0.040661977,0.0,0.002672011,0.001336005,36.51923077,0.25,0.34537731,False
70119,34522.45,0.645785434,0.013452915,0.284179682,0.703863259,0.014368576,27.76057485,0.652694611,0.27593813,0.326972079,0.554215234,0.090349688,0.000672948,0.002018843,0.001345895,34.23952096,0.215568862,0.27593813,False
70122,55338.77,0.69534295,0.01338091,0.608111988,0.572341898,0.030737479,32.04970548,0.794520548,0.365521623,0.14316402,0.790053296,0.038503372,0.000670691,0.002012072,0.001341382,38.32876712,0.178082192,0.365521623,False
70125,58581.03,0.577690337,0.012623986,0.361937003,0.728098275,0.013535012,28.66475294,0.635294118,0.348458519,0.361628462,0.53802531,0.065186246,0.0,0.00132714,0.00132714,34.62352941,0.282352941,0.348458519,False
70126,40347.26,0.80172145,0.014519056,0.887408859,0.409516017,0.021906355,36.09124375,0.96875,0.443476624,0.041313722,0.924842138,0.02333282,0.0,0.002695418,0.001347709,36.375,0.21875,0.443476624,True
70127,38288.13,0.850503534,0.013586957,0.859359646,0.41612708,0.05631823,33.83184194,1.0,0.508054653,0.018711822,0.941080956,0.020760844,0.0,0.00270453,0.001352265,38.29032258,0.225806452,0.508054653,True
70128,44605.06,0.749150399,0.014440433,0.858004892,0.517848182,0.022724151,31.83928387,0.903225806,0.47959503,0.018587933,0.907111682,0.002105263,0.0,0.002702703,0.001351351,40.96774194,0.064516129,0.47959503,True
70131,67517.52,0.671330888,0.013537906,0.802165107,0.577488348,0.016727677,29.56493077,0.769230769,0.394195128,0.255047126,0.635893319,0.056462403,0.0,0.003957784,0.001319261,40.0,0.230769231,0.394195128,True
70501,55288.64,0.867145422,0.162127108,0.624080591,0.520923988,0.033802111,29.72137551,0.836734694,0.468761736,0.231751416,0.73656757,0.018048578,0.0,0.002775208,0.000925069,36.7755102,0.204081633,0.468761736,False
70570,44531.95,0.846033591,0.163732394,0.837648061,0.462167564,0.054176928,29.065148,0.66,0.3102292,0.370831711,0.594083301,0.017672246,0.0,0.002583979,0.0,38.8,0.16,0.3102292,True
70601,40743.0,0.834852369,0.191011236,0.726717061,0.541615353,0.057406563,30.16277187,0.71875,0.485958924,0.270182793,0.67050954,0.03076354,0.0,0.0,0.006849315,36.0625,0.28125,0.485958924,False
70714,61673.83,0.799984441,0.131028207,0.887381438,0.409517648,0.017830061,33.90210313,0.90625,0.528211767,0.27569047,0.676337397,0.022244339,0.0,0.004889976,0.003667482,38.09375,0.1875,0.528211767,True
70802,37676.39,0.804981142,0.109563603,0.779450726,0.534234466,0.020651105,28.83046462,0.6,0.436955766,0.161917721,0.757523611,0.025492236,0.0,0.00486618,0.003041363,32.46153846,0.261538462,0.436955766,False
70814,54909.73,0.784277121,0.115384615,0.847555286,0.38265579,0.021390925,33.44981333,0.966666667,0.547511901,0.114479458,0.829809866,0.036364845,0.0,0.004875076,0.003656307,41.7,0.133333333,0.547511901,True
71129,63777.04,0.773002629,0.222683264,0.936317923,0.407938111,0.036879627,31.07007179,0.846153846,0.639745775,0.415151752,0.533120075,0.033003043,0.0,0.003499563,0.002624672,36.35897436,0.205128205,0.639745775,True
71301,45161.66,0.806393123,0.194174757,0.684771803,0.53839232,0.035739311,31.06382609,0.717391304,0.507037793,0.347112832,0.577694617,0.028240721,0.0,0.0,0.00754717,39.0,0.282608696,0.507037793,False
71603,46807.43,0.810832587,0.344827586,0.814730213,0.513129042,0.034231296,33.77923214,0.892857143,0.619146443,0.351186064,0.601742031,0.01025451,0.0,0.006134969,0.006134969,40.14285714,0.142857143,0.619146443,True
72202,69594.46,0.694415449,0.133843212,0.606102425,0.625978765,0.03277712,27.97426833,0.65,0.354184737,0.35314407,0.596356239,0.019722296,0.00061237,0.003061849,0.003061849,36.25,0.2,0.354184737,False
72204,44530.92,0.818627203,0.156603774,0.864604105,0.540348209,0.046094904,32.8885971,0.826086957,0.557885451,0.188893299,0.720447179,0.069788979,0.00061237,0.003061849,0.003061849,37.02898551,0.144927536,0.557885451,True
72209,36306.21,0.899276269,0.175609756,0.735137724,0.393142733,0.039210592,34.9236,0.918918919,0.451515747,0.134402133,0.657507073,0.188351598,0.000611995,0.003059976,0.003059976,38.72972973,0.135135135,0.451515747,False
72301,42027.16,0.862249732,0.105208333,0.728170018,0.510963058,0.030320837,31.80497,0.8,0.569107416,0.324487047,0.63138715,0.008595421,0.000618812,0.002475248,0.002475248,38.3,0.15,0.569107416,False
73114,59225.45,0.816913201,0.02688172,0.800669833,0.536536172,0.022592084,29.81682353,0.794117647,0.46122838,0.228336599,0.532984977,0.139124755,0.0,0.000629327,0.003146633,33.76470588,0.294117647,0.46122838,True
75104,79932.14,0.686564103,0.044483986,0.767955441,0.510241492,0.028143412,32.06401634,0.830065359,0.553494915,0.195300261,0.535310705,0.217232376,0.000628536,0.000628536,0.001885607,39.07189542,0.176470588,0.553494915,False
75115,67208.2,0.7056758,0.042174321,0.751087263,0.470126612,0.037510167,31.84636695,0.86440678,0.596040683,0.14094921,0.684790183,0.152291731,0.0,0.000666223,0.001332445,40.52542373,0.211864407,0.596040683,False
75134,45848.48,0.816175893,0.030222222,0.869854912,0.530550292,0.032195031,32.657525,0.861111111,0.575646647,0.071584699,0.687659381,0.214708561,0.0,0.001351351,0.000675676,40.33333333,0.222222222,0.575646647,True
75146,55351.82,0.801440597,0.025195482,0.795121352,0.407598326,0.069034205,32.71146829,0.902439024,0.471510135,0.174869222,0.6443365,0.15202306,0.0,0.001336005,0.001336005,39.0,0.12195122,0.471510135,False
77021,49506.95,0.753753225,0.022641509,0.567062315,0.54309577,0.02671322,30.20775606,0.712121212,0.418617319,0.076855995,0.711458254,0.170508834,0.0,0.0,0.002054795,34.21212121,0.303030303,0.418617319,False
77047,49554.41,0.735075293,0.038724374,0.829562343,0.58940358,0.024914444,30.80370337,0.786516854,0.528374797,0.061719131,0.642329194,0.258057254,0.000670691,0.001341382,0.001341382,35.42696629,0.224719101,0.528374797,True
77071,49732.26,0.648117932,0.034124629,0.498528894,0.608556326,0.030444473,31.27924107,0.892857143,0.469257907,0.17006555,0.51212673,0.233576111,0.0,0.002507837,0.0,38.25,0.232142857,0.469257907,False
77489,61549.7,0.726084771,0.028179191,0.792292236,0.451578214,0.027313701,33.44272586,0.879310345,0.477574285,0.043776139,0.720421528,0.196401057,0.0,0.004358655,0.000622665,39.0,0.155172414,0.477574285,False
77545,100615.65,0.666613226,0.023943662,0.857801325,0.537452533,0.035420167,30.85833846,0.815384615,0.487894978,0.051680035,0.60030349,0.314719272,0.0,0.004455761,0.001273074,40.4,0.184615385,0.487894978,True
90008,62411.19,0.716077294,0.028915663,0.678487889,0.69462977,0.016819423,29.80405965,0.824561404,0.40219198,0.038178415,0.64507174,0.24691204,0.0,0.003328895,0.000665779,38.73684211,0.228070175,0.40219198,False
90043,60171.86,0.776370632,0.024825446,0.717166691,0.513244783,0.026358526,30.22939028,0.819444444,0.392556388,0.038102328,0.597477892,0.319233893,0.0,0.000689655,0.002068966,40.06944444,0.208333333,0.392556388,False
90047,46012.64,0.85380593,0.077051926,0.468274965,0.56047926,0.026420269,31.79647759,0.879310345,0.478516697,0.013414483,0.645820395,0.308698712,0.0,0.000677966,0.001355932,38.55172414,0.189655172,0.478516697,False
90056,89444.98,0.508054943,0.023201856,0.566589683,0.81932892,0.012314233,28.7459303,0.757575758,0.330836019,0.124538064,0.731460951,0.080438532,0.0,0.000693481,0.000693481,41.27272727,0.151515152,0.330836019,False
90305,66028.97,0.6753523,0.072512648,0.81756198,0.641236604,0.024340882,32.1281525,0.825,0.435606803,0.027888699,0.773024022,0.152944159,0.0,0.000692042,0.001384083,44.075,0.2,0.435606803,True
90746,80798.23,0.70760017,0.049180328,0.776324358,0.544416814,0.021083621,30.49783529,0.808823529,0.377897104,0.059848029,0.564023473,0.222427024,0.000705716,0.000705716,0.000705716,40.44117647,0.176470588,0.377897104,False
